{"10": {"time": 20.16684611000005, "loss": [1.3564119338989258, 0.9835229218006134, 0.8677298352122307, 0.8243894353508949, 0.8042764589190483, 0.7927895411849022, 0.7824877053499222, 0.7664723545312881, 0.749824732542038, 0.7376848757266998, 0.7249075174331665, 0.7199430614709854, 0.71135313808918, 0.7024471387267113, 0.6898195371031761, 0.7090759053826332, 0.7025373429059982, 0.6767565906047821, 0.6709934994578362, 0.6736939623951912, 0.6665126532316208, 0.6549986749887466, 0.6544452086091042, 0.6532609239220619, 0.6439824737608433], "error": [0.882, 0.798, 0.734, 0.69, 0.657, 0.625, 0.591, 0.548, 0.525, 0.513, 0.521, 0.528, 0.525, 0.511, 0.48, 0.562, 0.471, 0.47, 0.466, 0.472, 0.461, 0.465, 0.479, 0.461, 0.472]}, "50": {"time": 19.435056005999968, "loss": [0.9606640934944153, 0.7952605411410332, 0.7267224118113518, 0.6755350828170776, 0.6403388231992722, 0.5927225425839424, 0.5934554673731327, 0.5269160903990269, 0.508575264364481, 0.4886516369879246, 0.4631996937096119, 0.4322025775909424, 0.4436069540679455, 0.4051797613501549, 0.41561589390039444, 0.38536905869841576, 0.37300805374979973, 0.36071353033185005, 0.3408510144799948, 0.33606679551303387, 0.3457621093839407, 0.32518683187663555, 0.32116932421922684, 0.3012275379151106, 0.29540400952100754], "error": [0.715, 0.56, 0.486, 0.396, 0.341, 0.382, 0.435, 0.323, 0.307, 0.251, 0.223, 0.241, 0.295, 0.253, 0.221, 0.186, 0.172, 0.166, 0.169, 0.196, 0.185, 0.205, 0.173, 0.149, 0.14]}, "200": {"time": 19.668948384999908, "loss": [0.9365581199526787, 0.7966062128543854, 0.7205309718847275, 0.6580796539783478, 0.6074041724205017, 0.5666293390095234, 0.5305352695286274, 0.49733320251107216, 0.4846976287662983, 0.4812766723334789, 0.415267962962389, 0.3998478464782238, 0.41519786417484283, 0.3937813267111778, 0.3559424951672554, 0.3560158759355545, 0.33931042067706585, 0.3206854909658432, 0.309500303119421, 0.3027485217899084, 0.3003829959779978, 0.2999023385345936, 0.2816700302064419, 0.2705666944384575, 0.26649414002895355], "error": [0.713, 0.473, 0.394, 0.373, 0.361, 0.351, 0.33, 0.291, 0.259, 0.223, 0.228, 0.238, 0.379, 0.185, 0.163, 0.148, 0.15, 0.155, 0.157, 0.165, 0.187, 0.169, 0.13, 0.117, 0.117]}, "500": {"time": 20.106371594000052, "loss": [0.8907997980713844, 0.7746975347399712, 0.6967158243060112, 0.6276123858988285, 0.5709572993218899, 0.5299094170331955, 0.4986485280096531, 0.4637932553887367, 0.4326893575489521, 0.40795379504561424, 0.38785936310887337, 0.37444714084267616, 0.36400415748357773, 0.3365159612149, 0.35981045104563236, 0.3224124703556299, 0.2970333471894264, 0.2894546650350094, 0.2888730373233557, 0.27792890556156635, 0.26096897572278976, 0.254779189825058, 0.27629206143319607, 0.2493678592145443, 0.2530116066336632], "error": [0.686, 0.489, 0.435, 0.407, 0.375, 0.335, 0.291, 0.261, 0.241, 0.219, 0.206, 0.189, 0.178, 0.196, 0.242, 0.183, 0.175, 0.172, 0.167, 0.153, 0.146, 0.146, 0.147, 0.141, 0.141]}, "1000": {"time": 22.392752705999897, "loss": [0.9007630050182343, 0.7476813718676567, 0.6638076901435852, 0.6014203429222107, 0.5565402172505856, 0.5337292514741421, 0.5068327486515045, 0.441383745521307, 0.45895523205399513, 0.40352553874254227, 0.37790584564208984, 0.39386457204818726, 0.3441037945449352, 0.33189489878714085, 0.33217285573482513, 0.3126398157328367, 0.30990077555179596, 0.29874177277088165, 0.3013199884444475, 0.27946219220757484, 0.25795269943773746, 0.2562410607933998, 0.25661567598581314, 0.24319430999457836, 0.24804292805492878], "error": [0.642, 0.527, 0.465, 0.404, 0.333, 0.323, 0.253, 0.278, 0.329, 0.217, 0.197, 0.169, 0.171, 0.16, 0.145, 0.16, 0.189, 0.174, 0.174, 0.147, 0.142, 0.14, 0.126, 0.134, 0.143]}}